Day,Blog Title
1,What Is Life Insurance? Complete Beginner’s Guide
2,Term vs Whole Life Insurance: Which Policy Is Best for You?
3,How Much Does Life Insurance Really Cost in 2025?
4,Life Insurance for New Parents: Protecting Your Family
5,Best Life Insurance Options for Seniors Over 60
6,How to File a Life Insurance Claim Step-by-Step
7,Using Life Insurance in Your Retirement Strategy
8,Best Cheap Life Insurance Plans Compared
9,The Future of Life Insurance: 2025 Market Outlook
10,How to Choose the Right Life Insurance Policy in 2025
11,What Is Life Insurance? Complete Beginner’s Guide
12,Term vs Whole Life Insurance: Which Policy Is Best for You?
13,How Much Does Life Insurance Really Cost in 2025?
14,Life Insurance for New Parents: Protecting Your Family
15,Best Life Insurance Options for Seniors Over 60
16,How to File a Life Insurance Claim Step-by-Step
17,Using Life Insurance in Your Retirement Strategy
18,Best Cheap Life Insurance Plans Compared
19,The Future of Life Insurance: 2025 Market Outlook
20,How to Choose the Right Life Insurance Policy in 2025
21,What Is Life Insurance? Complete Beginner’s Guide
22,Term vs Whole Life Insurance: Which Policy Is Best for You?
23,How Much Does Life Insurance Really Cost in 2025?
24,Life Insurance for New Parents: Protecting Your Family
25,Best Life Insurance Options for Seniors Over 60
26,How to File a Life Insurance Claim Step-by-Step
27,Using Life Insurance in Your Retirement Strategy
28,Best Cheap Life Insurance Plans Compared
29,The Future of Life Insurance: 2025 Market Outlook
30,How to Choose the Right Life Insurance Policy in 2025
31,What Is Life Insurance? Complete Beginner’s Guide
32,Term vs Whole Life Insurance: Which Policy Is Best for You?
33,How Much Does Life Insurance Really Cost in 2025?
34,Life Insurance for New Parents: Protecting Your Family
35,Best Life Insurance Options for Seniors Over 60
36,How to File a Life Insurance Claim Step-by-Step
37,Using Life Insurance in Your Retirement Strategy
38,Best Cheap Life Insurance Plans Compared
39,The Future of Life Insurance: 2025 Market Outlook
40,How to Choose the Right Life Insurance Policy in 2025
41,What Is Life Insurance? Complete Beginner’s Guide
42,Term vs Whole Life Insurance: Which Policy Is Best for You?
43,How Much Does Life Insurance Really Cost in 2025?
44,Life Insurance for New Parents: Protecting Your Family
45,Best Life Insurance Options for Seniors Over 60
46,How to File a Life Insurance Claim Step-by-Step
47,Using Life Insurance in Your Retirement Strategy
48,Best Cheap Life Insurance Plans Compared
49,The Future of Life Insurance: 2025 Market Outlook
50,How to Choose the Right Life Insurance Policy in 2025
51,What Is Life Insurance? Complete Beginner’s Guide
52,Term vs Whole Life Insurance: Which Policy Is Best for You?
53,How Much Does Life Insurance Really Cost in 2025?
54,Life Insurance for New Parents: Protecting Your Family
55,Best Life Insurance Options for Seniors Over 60
56,How to File a Life Insurance Claim Step-by-Step
57,Using Life Insurance in Your Retirement Strategy
58,Best Cheap Life Insurance Plans Compared
59,The Future of Life Insurance: 2025 Market Outlook
60,How to Choose the Right Life Insurance Policy in 2025
61,What Is Life Insurance? Complete Beginner’s Guide
62,Term vs Whole Life Insurance: Which Policy Is Best for You?
63,How Much Does Life Insurance Really Cost in 2025?
64,Life Insurance for New Parents: Protecting Your Family
65,Best Life Insurance Options for Seniors Over 60
66,How to File a Life Insurance Claim Step-by-Step
67,Using Life Insurance in Your Retirement Strategy
68,Best Cheap Life Insurance Plans Compared
69,The Future of Life Insurance: 2025 Market Outlook
70,How to Choose the Right Life Insurance Policy in 2025
71,What Is Life Insurance? Complete Beginner’s Guide
72,Term vs Whole Life Insurance: Which Policy Is Best for You?
73,How Much Does Life Insurance Really Cost in 2025?
74,Life Insurance for New Parents: Protecting Your Family
75,Best Life Insurance Options for Seniors Over 60
76,How to File a Life Insurance Claim Step-by-Step
77,Using Life Insurance in Your Retirement Strategy
78,Best Cheap Life Insurance Plans Compared
79,The Future of Life Insurance: 2025 Market Outlook
80,How to Choose the Right Life Insurance Policy in 2025
81,What Is Life Insurance? Complete Beginner’s Guide
82,Term vs Whole Life Insurance: Which Policy Is Best for You?
83,How Much Does Life Insurance Really Cost in 2025?
84,Life Insurance for New Parents: Protecting Your Family
85,Best Life Insurance Options for Seniors Over 60
86,How to File a Life Insurance Claim Step-by-Step
87,Using Life Insurance in Your Retirement Strategy
88,Best Cheap Life Insurance Plans Compared
89,The Future of Life Insurance: 2025 Market Outlook
90,How to Choose the Right Life Insurance Policy in 2025
91,What Is Life Insurance? Complete Beginner’s Guide
92,Term vs Whole Life Insurance: Which Policy Is Best for You?
93,How Much Does Life Insurance Really Cost in 2025?
94,Life Insurance for New Parents: Protecting Your Family
95,Best Life Insurance Options for Seniors Over 60
96,How to File a Life Insurance Claim Step-by-Step
97,Using Life Insurance in Your Retirement Strategy
98,Best Cheap Life Insurance Plans Compared
99,The Future of Life Insurance: 2025 Market Outlook
100,How to Choose the Right Life Insurance Policy in 2025
101,What Is Life Insurance? Complete Beginner’s Guide
102,Term vs Whole Life Insurance: Which Policy Is Best for You?
103,How Much Does Life Insurance Really Cost in 2025?
104,Life Insurance for New Parents: Protecting Your Family
105,Best Life Insurance Options for Seniors Over 60
106,How to File a Life Insurance Claim Step-by-Step
107,Using Life Insurance in Your Retirement Strategy
108,Best Cheap Life Insurance Plans Compared
109,The Future of Life Insurance: 2025 Market Outlook
110,How to Choose the Right Life Insurance Policy in 2025
111,What Is Life Insurance? Complete Beginner’s Guide
112,Term vs Whole Life Insurance: Which Policy Is Best for You?
113,How Much Does Life Insurance Really Cost in 2025?
114,Life Insurance for New Parents: Protecting Your Family
115,Best Life Insurance Options for Seniors Over 60
116,How to File a Life Insurance Claim Step-by-Step
117,Using Life Insurance in Your Retirement Strategy
118,Best Cheap Life Insurance Plans Compared
119,The Future of Life Insurance: 2025 Market Outlook
120,How to Choose the Right Life Insurance Policy in 2025
121,What Is Life Insurance? Complete Beginner’s Guide
122,Term vs Whole Life Insurance: Which Policy Is Best for You?
123,How Much Does Life Insurance Really Cost in 2025?
124,Life Insurance for New Parents: Protecting Your Family
125,Best Life Insurance Options for Seniors Over 60
126,How to File a Life Insurance Claim Step-by-Step
127,Using Life Insurance in Your Retirement Strategy
128,Best Cheap Life Insurance Plans Compared
129,The Future of Life Insurance: 2025 Market Outlook
130,How to Choose the Right Life Insurance Policy in 2025
131,What Is Life Insurance? Complete Beginner’s Guide
132,Term vs Whole Life Insurance: Which Policy Is Best for You?
133,How Much Does Life Insurance Really Cost in 2025?
134,Life Insurance for New Parents: Protecting Your Family
135,Best Life Insurance Options for Seniors Over 60
136,How to File a Life Insurance Claim Step-by-Step
137,Using Life Insurance in Your Retirement Strategy
138,Best Cheap Life Insurance Plans Compared
139,The Future of Life Insurance: 2025 Market Outlook
140,How to Choose the Right Life Insurance Policy in 2025
141,What Is Life Insurance? Complete Beginner’s Guide
142,Term vs Whole Life Insurance: Which Policy Is Best for You?
143,How Much Does Life Insurance Really Cost in 2025?
144,Life Insurance for New Parents: Protecting Your Family
145,Best Life Insurance Options for Seniors Over 60
146,How to File a Life Insurance Claim Step-by-Step
147,Using Life Insurance in Your Retirement Strategy
148,Best Cheap Life Insurance Plans Compared
149,The Future of Life Insurance: 2025 Market Outlook
150,How to Choose the Right Life Insurance Policy in 2025
151,What Is Life Insurance? Complete Beginner’s Guide
152,Term vs Whole Life Insurance: Which Policy Is Best for You?
153,How Much Does Life Insurance Really Cost in 2025?
154,Life Insurance for New Parents: Protecting Your Family
155,Best Life Insurance Options for Seniors Over 60
156,How to File a Life Insurance Claim Step-by-Step
157,Using Life Insurance in Your Retirement Strategy
158,Best Cheap Life Insurance Plans Compared
159,The Future of Life Insurance: 2025 Market Outlook
160,How to Choose the Right Life Insurance Policy in 2025
161,What Is Life Insurance? Complete Beginner’s Guide
162,Term vs Whole Life Insurance: Which Policy Is Best for You?
163,How Much Does Life Insurance Really Cost in 2025?
164,Life Insurance for New Parents: Protecting Your Family
165,Best Life Insurance Options for Seniors Over 60
166,How to File a Life Insurance Claim Step-by-Step
167,Using Life Insurance in Your Retirement Strategy
168,Best Cheap Life Insurance Plans Compared
169,The Future of Life Insurance: 2025 Market Outlook
170,How to Choose the Right Life Insurance Policy in 2025
171,What Is Life Insurance? Complete Beginner’s Guide
172,Term vs Whole Life Insurance: Which Policy Is Best for You?
173,How Much Does Life Insurance Really Cost in 2025?
174,Life Insurance for New Parents: Protecting Your Family
175,Best Life Insurance Options for Seniors Over 60
176,How to File a Life Insurance Claim Step-by-Step
177,Using Life Insurance in Your Retirement Strategy
178,Best Cheap Life Insurance Plans Compared
179,The Future of Life Insurance: 2025 Market Outlook
180,How to Choose the Right Life Insurance Policy in 2025
181,What Is Life Insurance? Complete Beginner’s Guide
182,Term vs Whole Life Insurance: Which Policy Is Best for You?
183,How Much Does Life Insurance Really Cost in 2025?
184,Life Insurance for New Parents: Protecting Your Family
185,Best Life Insurance Options for Seniors Over 60
186,How to File a Life Insurance Claim Step-by-Step
187,Using Life Insurance in Your Retirement Strategy
188,Best Cheap Life Insurance Plans Compared
189,The Future of Life Insurance: 2025 Market Outlook
190,How to Choose the Right Life Insurance Policy in 2025
191,What Is Life Insurance? Complete Beginner’s Guide
192,Term vs Whole Life Insurance: Which Policy Is Best for You?
193,How Much Does Life Insurance Really Cost in 2025?
194,Life Insurance for New Parents: Protecting Your Family
195,Best Life Insurance Options for Seniors Over 60
196,How to File a Life Insurance Claim Step-by-Step
197,Using Life Insurance in Your Retirement Strategy
198,Best Cheap Life Insurance Plans Compared
199,The Future of Life Insurance: 2025 Market Outlook
200,How to Choose the Right Life Insurance Policy in 2025
201,What Is Life Insurance? Complete Beginner’s Guide
202,Term vs Whole Life Insurance: Which Policy Is Best for You?
203,How Much Does Life Insurance Really Cost in 2025?
204,Life Insurance for New Parents: Protecting Your Family
205,Best Life Insurance Options for Seniors Over 60
206,How to File a Life Insurance Claim Step-by-Step
207,Using Life Insurance in Your Retirement Strategy
208,Best Cheap Life Insurance Plans Compared
209,The Future of Life Insurance: 2025 Market Outlook
210,How to Choose the Right Life Insurance Policy in 2025
211,What Is Life Insurance? Complete Beginner’s Guide
212,Term vs Whole Life Insurance: Which Policy Is Best for You?
213,How Much Does Life Insurance Really Cost in 2025?
214,Life Insurance for New Parents: Protecting Your Family
215,Best Life Insurance Options for Seniors Over 60
216,How to File a Life Insurance Claim Step-by-Step
217,Using Life Insurance in Your Retirement Strategy
218,Best Cheap Life Insurance Plans Compared
219,The Future of Life Insurance: 2025 Market Outlook
220,How to Choose the Right Life Insurance Policy in 2025
221,What Is Life Insurance? Complete Beginner’s Guide
222,Term vs Whole Life Insurance: Which Policy Is Best for You?
223,How Much Does Life Insurance Really Cost in 2025?
224,Life Insurance for New Parents: Protecting Your Family
225,Best Life Insurance Options for Seniors Over 60
226,How to File a Life Insurance Claim Step-by-Step
227,Using Life Insurance in Your Retirement Strategy
228,Best Cheap Life Insurance Plans Compared
229,The Future of Life Insurance: 2025 Market Outlook
230,How to Choose the Right Life Insurance Policy in 2025
231,What Is Life Insurance? Complete Beginner’s Guide
232,Term vs Whole Life Insurance: Which Policy Is Best for You?
233,How Much Does Life Insurance Really Cost in 2025?
234,Life Insurance for New Parents: Protecting Your Family
235,Best Life Insurance Options for Seniors Over 60
236,How to File a Life Insurance Claim Step-by-Step
237,Using Life Insurance in Your Retirement Strategy
238,Best Cheap Life Insurance Plans Compared
239,The Future of Life Insurance: 2025 Market Outlook
240,How to Choose the Right Life Insurance Policy in 2025
241,What Is Life Insurance? Complete Beginner’s Guide
242,Term vs Whole Life Insurance: Which Policy Is Best for You?
243,How Much Does Life Insurance Really Cost in 2025?
244,Life Insurance for New Parents: Protecting Your Family
245,Best Life Insurance Options for Seniors Over 60
246,How to File a Life Insurance Claim Step-by-Step
247,Using Life Insurance in Your Retirement Strategy
248,Best Cheap Life Insurance Plans Compared
249,The Future of Life Insurance: 2025 Market Outlook
250,How to Choose the Right Life Insurance Policy in 2025
251,What Is Life Insurance? Complete Beginner’s Guide
252,Term vs Whole Life Insurance: Which Policy Is Best for You?
253,How Much Does Life Insurance Really Cost in 2025?
254,Life Insurance for New Parents: Protecting Your Family
255,Best Life Insurance Options for Seniors Over 60
256,How to File a Life Insurance Claim Step-by-Step
257,Using Life Insurance in Your Retirement Strategy
258,Best Cheap Life Insurance Plans Compared
259,The Future of Life Insurance: 2025 Market Outlook
260,How to Choose the Right Life Insurance Policy in 2025
261,What Is Life Insurance? Complete Beginner’s Guide
262,Term vs Whole Life Insurance: Which Policy Is Best for You?
263,How Much Does Life Insurance Really Cost in 2025?
264,Life Insurance for New Parents: Protecting Your Family
265,Best Life Insurance Options for Seniors Over 60
266,How to File a Life Insurance Claim Step-by-Step
267,Using Life Insurance in Your Retirement Strategy
268,Best Cheap Life Insurance Plans Compared
269,The Future of Life Insurance: 2025 Market Outlook
270,How to Choose the Right Life Insurance Policy in 2025
271,What Is Life Insurance? Complete Beginner’s Guide
272,Term vs Whole Life Insurance: Which Policy Is Best for You?
273,How Much Does Life Insurance Really Cost in 2025?
274,Life Insurance for New Parents: Protecting Your Family
275,Best Life Insurance Options for Seniors Over 60
276,How to File a Life Insurance Claim Step-by-Step
277,Using Life Insurance in Your Retirement Strategy
278,Best Cheap Life Insurance Plans Compared
279,The Future of Life Insurance: 2025 Market Outlook
280,How to Choose the Right Life Insurance Policy in 2025
281,What Is Life Insurance? Complete Beginner’s Guide
282,Term vs Whole Life Insurance: Which Policy Is Best for You?
283,How Much Does Life Insurance Really Cost in 2025?
284,Life Insurance for New Parents: Protecting Your Family
285,Best Life Insurance Options for Seniors Over 60
286,How to File a Life Insurance Claim Step-by-Step
287,Using Life Insurance in Your Retirement Strategy
288,Best Cheap Life Insurance Plans Compared
289,The Future of Life Insurance: 2025 Market Outlook
290,How to Choose the Right Life Insurance Policy in 2025
291,What Is Life Insurance? Complete Beginner’s Guide
292,Term vs Whole Life Insurance: Which Policy Is Best for You?
293,How Much Does Life Insurance Really Cost in 2025?
294,Life Insurance for New Parents: Protecting Your Family
295,Best Life Insurance Options for Seniors Over 60
296,How to File a Life Insurance Claim Step-by-Step
297,Using Life Insurance in Your Retirement Strategy
298,Best Cheap Life Insurance Plans Compared
299,The Future of Life Insurance: 2025 Market Outlook
300,How to Choose the Right Life Insurance Policy in 2025
301,What Is Life Insurance? Complete Beginner’s Guide
302,Term vs Whole Life Insurance: Which Policy Is Best for You?
303,How Much Does Life Insurance Really Cost in 2025?
304,Life Insurance for New Parents: Protecting Your Family
305,Best Life Insurance Options for Seniors Over 60
306,How to File a Life Insurance Claim Step-by-Step
307,Using Life Insurance in Your Retirement Strategy
308,Best Cheap Life Insurance Plans Compared
309,The Future of Life Insurance: 2025 Market Outlook
310,How to Choose the Right Life Insurance Policy in 2025
311,What Is Life Insurance? Complete Beginner’s Guide
312,Term vs Whole Life Insurance: Which Policy Is Best for You?
313,How Much Does Life Insurance Really Cost in 2025?
314,Life Insurance for New Parents: Protecting Your Family
315,Best Life Insurance Options for Seniors Over 60
316,How to File a Life Insurance Claim Step-by-Step
317,Using Life Insurance in Your Retirement Strategy
318,Best Cheap Life Insurance Plans Compared
319,The Future of Life Insurance: 2025 Market Outlook
320,How to Choose the Right Life Insurance Policy in 2025
321,What Is Life Insurance? Complete Beginner’s Guide
322,Term vs Whole Life Insurance: Which Policy Is Best for You?
323,How Much Does Life Insurance Really Cost in 2025?
324,Life Insurance for New Parents: Protecting Your Family
325,Best Life Insurance Options for Seniors Over 60
326,How to File a Life Insurance Claim Step-by-Step
327,Using Life Insurance in Your Retirement Strategy
328,Best Cheap Life Insurance Plans Compared
329,The Future of Life Insurance: 2025 Market Outlook
330,How to Choose the Right Life Insurance Policy in 2025
331,What Is Life Insurance? Complete Beginner’s Guide
332,Term vs Whole Life Insurance: Which Policy Is Best for You?
333,How Much Does Life Insurance Really Cost in 2025?
334,Life Insurance for New Parents: Protecting Your Family
335,Best Life Insurance Options for Seniors Over 60
336,How to File a Life Insurance Claim Step-by-Step
337,Using Life Insurance in Your Retirement Strategy
338,Best Cheap Life Insurance Plans Compared
339,The Future of Life Insurance: 2025 Market Outlook
340,How to Choose the Right Life Insurance Policy in 2025
341,What Is Life Insurance? Complete Beginner’s Guide
342,Term vs Whole Life Insurance: Which Policy Is Best for You?
343,How Much Does Life Insurance Really Cost in 2025?
344,Life Insurance for New Parents: Protecting Your Family
345,Best Life Insurance Options for Seniors Over 60
346,How to File a Life Insurance Claim Step-by-Step
347,Using Life Insurance in Your Retirement Strategy
348,Best Cheap Life Insurance Plans Compared
349,The Future of Life Insurance: 2025 Market Outlook
350,How to Choose the Right Life Insurance Policy in 2025
351,What Is Life Insurance? Complete Beginner’s Guide
352,Term vs Whole Life Insurance: Which Policy Is Best for You?
353,How Much Does Life Insurance Really Cost in 2025?
354,Life Insurance for New Parents: Protecting Your Family
355,Best Life Insurance Options for Seniors Over 60
356,How to File a Life Insurance Claim Step-by-Step
357,Using Life Insurance in Your Retirement Strategy
358,Best Cheap Life Insurance Plans Compared
359,The Future of Life Insurance: 2025 Market Outlook
360,How to Choose the Right Life Insurance Policy in 2025
361,What Is Life Insurance? Complete Beginner’s Guide
362,Term vs Whole Life Insurance: Which Policy Is Best for You?
363,How Much Does Life Insurance Really Cost in 2025?
364,Life Insurance for New Parents: Protecting Your Family
365,Best Life Insurance Options for Seniors Over 60
